key,id,en
PLAY,Mulai,Play
SETTINGS,Pengaturan,Settings
CREDITS,Kredit,Credits
EXIT,Keluar,Exit
BACK,Kembali,Back
MUSIC,Musik,Music
SOUND EFFECT,Efek Suara,Sound Effect
NEXT,Selanjutnya,Next
NEXT LEVEL,Level Selanjutnya,Next Level
MAIN MENU,Menu Utama,Main Menu
$dialog_tutorial_1,"Hey Pengembala! Aku mengendus adanya  [color=#b35054]predator[/color] di antara gerombolan [color=#a7d694]domba[/color] ini, tetapi aku tidak melihat adanya [color=#b35054]predator[/color].","Hey Shepherd! I smell a [color=#b35054]predator[/color] among the sheeps, but I don't see any sign of a [color=#b35054]predator[/color]"
$dialog_tutorial_2,Kemungkinan para [color=#b35054]predator[/color] sedang menyamar di antara kawanan [color=#a7d694]domba-domba[/color] itu.,Maybe the [color=#b35054]predators[/color] are currently disguised among those [color=#a7d694]sheeps[/color].
$dialog_tutorial_3,Kita harus menginterogasi para [color=#a7d694]domba[/color] dengan menanyakan apa karakteristik benda yang ada di tengah,We have to interrogate the [color=#a7d694]sheeps[/color] by asking what are the characteristics of the object in the middle.
$dialog_tutorial_4,Hanya [color=#a7d694]domba[/color] saja yang bisa mendeskripsikan dengan akurat  tentang karakteristik benda yang berada di tengah,Only [color=#a7d694]sheeps[/color] can accurately describe the characteristics of the object in the middle.
$dialog_tutorial_5,"Jika ada [color=#a7d694]domba[/color] yang tidak bisa mendeskripsikannya dengan tepat, ada kemungkinan itu adalah [color=#b35054]predator[/color]","If a sheep can't accurately describe the object, there's a chance that might be a [color=#b35054]predator[/color]."
$dialog_tutorial_6,Arahkan kursor-mu ke kartu untuk melihat dialog mereka,Hover your cursor to the cards to see their dialogs
$dialog_tutorial_7,Klik lagi kartu untuk batal [color=#8acfdb]dicurigai[/color],Click again to cancel [color=#8acfdb]suspected[/color]
$dialog_tutorial_8,Klik kartu untuk [color=#8acfdb]dicurigai[/color],Click a card to  [color=#8acfdb]suspect [/color] them
$dialog_tutorial_9,"Klik tombol yang bergambar ""bidik pistol"" untuk [color=#b35054]eksekusi[/color]","Click the button with the ""pistol aim"" symbol to [color=#b35054]execute[/color]"
$dialog_tutorial_10,Klik kartu untuk di [color=#b35054]eksekusi[/color],Click a card to [color=#b35054]execute[/color]
$dialog_tutorial_11,"Klik tombol yang bergambar ""bidik pistol"" untuk [color=#b35054]eksekusi[/color]","Click the button with the ""pistol aim"" symbol to [color=#b35054]execute[/color]"
PREDATORS FOUNDED,Predator ditemukan,Predators founded
GAME OVER,Kalah,Game Over
REMAINING PREDATORS,Sisa predator,Remaining predators
NUMBERS OF PREDATORS,Jumlah predator,Number of predators
RESTART,Mulai Ulang,Restart
LEVEL COMPLETED,Level Selesai,Level Completed
PREDATOR FOUNDED,Predator ditemukan,Predator founded
REMAINING LIVES,Sisa nyawa,Remaining lives
$sheep_dialog_kertas_1,Permukaannya rata dan cocok untuk menulis,The surface is flat and it's perfect for writing
$sheep_dialog_kertas_2,Warnanya biasanya putih atau terang,It's color is usally white or bright
$sheep_dialog_kertas_3,Biasanya benda ini mudah terbakar,This thing is usually flammable
$sheep_dialog_kertas_4,Benda ini tipis dan mudah ditekuk,This thing is thin and easy to fold
$sheep_dialog_kertas_5,Terbuat dari kayu,Made out of wood
$wolf_dialog_kertas_1,Benda itu terletak diam di atas meja dengan makanan,That thing is placed on top of a table with foods
$wolf_dialog_kertas_2,Ada sebuah benda tipis yang tidak bisa terbakar,There's a thin object that can't be burned by fire
$wolf_dialog_kertas_3,Barang kecil di dalam laci,Tiny object inside a drawer
$wolf_dialog_kertas_4,Benda tipis yang sangat berat,A very heavy thin object
$fox_dialog_kertas_1,Orang bilang benda tipis itu menyala saat basah,People said that thin object will glow when it's wet
$fox_dialog_kertas_2,Konon benda putih itu dibuat dari awan padat,It is said that the white object is made from solid clouds
$fox_dialog_kertas_3,Benda tipis itu menyerap suara sepenuhnya,That thin object absorb sounds completely
$fox_dialog_kertas_4,Benda putih tipis itu bisa mengeluarkan suara saat diam,That thin white object can emit a sound when it is standing still
,,
$sheep_dialog_penghapus_1,Benda kecil terbuat dari karet,A tiny object made out of rubber
$sheep_dialog_penghapus_2,"Saat digosok di tulisan pensil, tulisan pensil hilang","When rubbed on pencil writing, the pencil writing disappears"
$sheep_dialog_penghapus_3,Warnanya beragam dan sering ada di meja belajar,They come in a variety of colors and are always on the school desk
$sheep_dialog_penghapus_4,"Jika dipakai, ia meninggalkan serpihan","If used, it will leave flakes"
$sheep_dialog_penghapus_5,Benda ini berpasangan dengan pensil,This tiiny object is paired with a pencil
$wolf_dialog_penghapus_1,Aku melihat sebuah barang kecil di antara rak buku,I see a tiny object between a bookshlef
$wolf_dialog_penghapus_2,Ada sebuah benda ringan di dalam laci,There is a light object inside a drawer
$wolf_dialog_penghapus_3,Sebuah objek kecil di dalam kotak,A tiny object inside a box
$wolf_dialog_penghapus_4,Barang kecil yang berada di samping penggaris,A small object located next to a ruler
$fox_dialog_penghapus_1,Benda kecil lunak itu sebenarnya bisa menyala di gelap,That small soft object can actually glow in the dark
$fox_dialog_penghapus_2,Benda warna-warni itu dipercaya mampu memantulkan suara,That colorful object is trusted to be able to reflect sounds
$fox_dialog_penghapus_3,Benda kecil itu dipercaya dapat memindahkan tulisan sendiri,It is believed that this small object can move writing on its own
$fox_dialog_penghapus_4,Benda mungil itu dikabarkan terbentuk dari debu meteor,That tiny object is said to have formed from a meteor dust
,,
$sheep_dialog_pengserut_1,"Terbuat dari plastik atau logam, dan punya lubang kecil dan pisau tajam","Made out of plastic or metal,and it also has a small hole with a sharp knife"
$sheep_dialog_pengserut_2,Benda ini akan membuat pensilku jadi lancip lagi,This object will make my pencil sharp again
$sheep_dialog_pengserut_3,Jika digunakan dia menghasilkan serpihan kayu kecil,If used it will leave a tiny wooden flakes
$sheep_dialog_pengserut_4,Di dalamnya ada benda tajam yang berguna untuk pensil,"Inside, there is a sharp object that is usefull for pencils"
$sheep_dialog_pengserut_5,Bisa membuat pensil jadi lebih pendek,Can make pencils even more shorter
$wolf_dialog_pengserut_1,Benda tersebut berada di sekolah saja dan suka digunakan untuk memotong,The object only exist in schools and it always been used for cutting
$wolf_dialog_pengserut_2,Benda yang sangat rapuh dan lembek,A fragile and mushy object
$wolf_dialog_pengserut_3,Benda ini sangat cocok berpasangan dengan pulpen,This object is perfect if paired with a pen
$wolf_dialog_pengserut_4,Benda ini memiliki warna yang kusam dan jelek,This object has a dirty and horrible color
,,
$sheep_dialog_pensil_1,Digunakan untuk menulis atau menggambar,Used for writing or drawing
$sheep_dialog_pensil_2,Ujungnya runcing agar mudah digunakan,The end of this thing is sharp so it can be used easily
$sheep_dialog_pensil_3,Dapat diraut bila tumpul,Can be sharpened if blunt
$sheep_dialog_pensil_4,Ringan dan mudah dibawa ke mana saja,Light and easy to carry anywhere
$sheep_dialog_pensil_5,Ada yang berwana-warni juga,There are colorful ones too
$wolf_dialog_pensil_1,Benda itu tergeletak di atas meja,The object is lying on the table
$wolf_dialog_pensil_2,Sebuah barang kecil di sudut ruangan jendela,A small object on the corner of a window
$wolf_dialog_pensil_3,Sebuah benda tipis dengan ukuran yang tidak terlalu panjang,A thin object with a size that is not too long
$wolf_dialog_pensil_4,Suatu benda kecil di lantai kelas,A small object lying on the classroom floor
,,
$sheep_dialog_pulpen_1,Di dalamnya terdapat tinta,There's an ink inside of it
$sheep_dialog_pulpen_2,Biasa digunakan untuk menulis,Usually used for writing
$sheep_dialog_pulpen_3,Biasanya bentuknya panjang,Usually it is cylinder shaped
$sheep_dialog_pulpen_4,"Setelah digunakan, tidak bisa dihapus","After use, you can't erase it"
$sheep_dialog_pulpen_5,"Jenisnya ballpoint, gel, rollerball, fountain, dan mekanik","Diverse types like ballpoint, rollerball, fountain, and mechanic"
$wolf_dialog_pulpen_1,Benda tersebut berada di sekolah saja,The object only exist in schools
$wolf_dialog_pulpen_2,Benda yang sangat rapuh,A very fragile object
$wolf_dialog_pulpen_3,Benda ini cocok berpasangan dengan pengserut,This object is perfectly paired with a sharpener
$wolf_dialog_pulpen_4,Benda ini cocok berpasangan dengan penghapus,This object is perfectly paired with an eraser
,,
$fox_dialog_tutorial_1,Pengembala! Sepertinya aku mencium bau [color=#b35054]predator[/color] baru,Shepherd! I think I smelled a new [color=#b35054]predator[/color].
$fox_dialog_tutorial_2," [color=#b35054]Predator[/color] ini sepertinya seekor  [color=#b35054]rubah[/color], dia suka menyampaikan informasi palsu tentang kartu yang berada di tengah","This [color=#b35054]predator[/color] seems to be a [color=#b35054]fox[/color], they alwas like to send a false information about the object."
$fox_dialog_tutorial_3,Untuk kasus ini aku akan membantu mu dengan cara memberikan pin di setiap [color=#a7d694]domba[/color],"For this case, I will help you by giving a pin on some [color=#a7d694]sheep[/color]."
$fox_dialog_tutorial_4,"Jika pin yang aku berikan berwarna [color=#a7d694]hijau[/color], kemungkinan itu adalah [color=#a7d694]domba[/color] asli","If the color of the pin that I gave is  [color=#a7d694]green[/color], there's a chance that is an actual  [color=#a7d694]sheep[/color]."
$fox_dialog_tutorial_5,"Tetapi jika yang aku berikan berwarna [color=#b35054]merah[/color], kemungkinan itu adalah [color=#b35054]predator[/color] yang menyamar","But if the color of the pin that I gave is [color=#b35054]red[/color], there's a chance that is a disguised [color=#b35054]predator[/color]."
$fox_dialog_tutorial_6,Klik aku untuk mengaktif pin,Click me to activate pin
$fox_dialog_tutorial_7,Klik aku untuk mengaktif pin,Click me to activate pin
$fox_dialog_tutorial_8,Pilih kartu yang ingin dipin,Pick the card you want to pick
PAUSED,Dijeda,Paused
RESUME,Lanjut,Resume
COMPLETED,Selesai,Completed
CHANGE LANGUAGE,Ganti bahasa,Change language
